{
    "src/source.py:70": 1.0,
    "src/source.py:87": 1.0,
    "src/source.py:89": 1.0,
    "src/source.py:92": 1.0,
    "src/source.py:35": 0.9411764705882353,
    "src/source.py:46": 0.9411764705882353,
    "src/source.py:33": 0.9230769230769231,
    "src/source.py:34": 0.8888888888888888,
    "src/source.py:36": 0.8888888888888888,
    "src/source.py:37": 0.8888888888888888,
    "src/source.py:96": 0.8888888888888888,
    "src/source.py:21": 0.8571428571428571,
    "src/source.py:93": 0.8571428571428571,
    "src/source.py:32": 0.8,
    "src/source.py:41": 0.8,
    "src/source.py:42": 0.8,
    "src/source.py:43": 0.8,
    "src/source.py:44": 0.8,
    "src/source.py:45": 0.8,
    "src/source.py:94": 0.8,
    "src/source.py:95": 0.8,
    "src/source.py:97": 0.8,
    "src/source.py:98": 0.8,
    "src/source.py:101": 0.8,
    "src/source.py:11": 0.6666666666666666,
    "src/source.py:12": 0.6666666666666666,
    "src/source.py:13": 0.6666666666666666,
    "src/source.py:14": 0.6666666666666666,
    "src/source.py:15": 0.6666666666666666,
    "src/source.py:16": 0.6666666666666666,
    "src/source.py:17": 0.6666666666666666,
    "src/source.py:18": 0.6666666666666666,
    "src/source.py:19": 0.6666666666666666,
    "src/source.py:20": 0.6666666666666666,
    "src/source.py:22": 0.6666666666666666,
    "src/source.py:23": 0.6666666666666666,
    "src/source.py:49": 0.6666666666666666,
    "src/source.py:50": 0.6666666666666666,
    "src/source.py:54": 0.6666666666666666,
    "src/source.py:55": 0.6666666666666666,
    "src/source.py:71": 0.6666666666666666,
    "src/source.py:72": 0.6666666666666666,
    "src/source.py:73": 0.6666666666666666,
    "src/source.py:76": 0.6666666666666666,
    "src/source.py:77": 0.6666666666666666,
    "src/source.py:104": 0.6666666666666666,
    "src/source.py:105": 0.6666666666666666,
    "src/source.py:107": 0.6666666666666666,
    "src/source.py:109": 0.6666666666666666,
    "src/source.py:110": 0.6666666666666666,
    "src/source.py:124": 0.6666666666666666,
    "src/source.py:127": 0.6666666666666666,
    "src/source.py:1": 0.0,
    "src/source.py:2": 0.0,
    "src/source.py:4": 0.0,
    "src/source.py:5": 0.0,
    "src/source.py:10": 0.0,
    "src/source.py:24": 0.0,
    "src/source.py:126": 0.0,
    "src/source.py:56": 0.0,
    "src/source.py:57": 0.0,
    "src/source.py:58": 0.0,
    "src/source.py:59": 0.0,
    "src/source.py:60": 0.0,
    "src/source.py:61": 0.0,
    "src/source.py:67": 0.0,
    "src/source.py:68": 0.0,
    "src/source.py:78": 0.0,
    "src/source.py:79": 0.0,
    "src/source.py:81": 0.0,
    "src/source.py:84": 0.0,
    "src/source.py:85": 0.0,
    "src/source.py:47": 0.0,
    "src/source.py:111": 0.0,
    "src/source.py:112": 0.0
}
